id,vehicle_age,vehicle_value,vehicle_power,ph_age,licence_years,licence_points,ph_owns_home,annual_mileage
1,8,7899,89,48,19,3,0,2000
2,3,14950,116,43,15,0,0,7000
3,2,8894,69,63,20,3,1,6000
4,0,13352,76,53,16,0,1,12000
5,2,10063,81,43,14,3,0,10000
6,0,11990,84,45,13,0,1,10000
7,0,8975,97,38,17,0,0,4000
8,2,14907,122,42,15,0,0,5000
9,2,11940,73,58,21,0,0,6000
10,2,8039,76,55,19,0,1,11000
11,1,12790,79,47,18,0,0,8000
12,3,15830,104,37,13,0,0,7000
13,3,9895,83,44,16,0,0,10000
14,5,13661,91,59,19,0,1,5000
15,10,5527,73,45,18,0,0,3000
16,1,14078,107,60,19,0,1,3000
17,1,11582,104,52,18,3,0,3000
18,0,16872,94,50,15,0,1,12000
19,3,8543,83,51,16,3,1,4000
20,1,9087,64,41,10,0,1,10000
21,6,12265,121,41,13,0,0,8000
22,1,8482,99,56,20,0,0,6000
23,3,8487,57,49,15,0,0,6000
24,6,10287,92,51,14,0,1,7000
25,5,10492,74,59,23,0,0,11000
26,4,9636,71,41,13,0,0,10000
27,3,11731,119,33,8,0,0,2000
28,2,11150,87,44,14,0,0,2000
29,6,6416,74,55,18,0,1,9000
30,2,10095,69,33,10,0,0,6000
31,2,10061,93,42,14,3,0,5000
32,2,13931,134,38,12,0,0,2000
33,10,5467,57,39,13,0,0,8000
34,1,8707,88,44,11,3,1,11000
35,2,13779,97,57,17,0,1,12000
36,5,11166,100,35,10,0,0,5000
37,1,12908,104,53,13,0,1,6000
38,4,13701,120,34,8,0,0,9000
39,2,10149,66,46,18,0,0,2000
40,2,11899,88,44,16,0,0,10000
41,1,8767,53,50,14,0,1,5000
42,1,17075,100,53,20,3,0,10000
43,2,9301,108,50,18,0,1,4000
44,1,11815,76,45,16,0,0,1000
45,4,11018,92,48,14,0,1,8000
46,0,9292,80,47,17,3,0,3000
47,1,11605,75,41,14,0,0,9000
48,2,8274,93,51,17,3,1,8000
49,1,9068,106,43,11,0,1,6000
50,5,7597,67,38,13,6,0,4000
51,4,10470,72,58,19,0,1,6000
52,0,9013,98,44,15,3,0,7000
53,0,10726,73,45,12,0,1,8000
54,2,11832,105,44,16,0,0,5000
55,3,12385,109,65,21,0,1,8000
56,6,8251,99,52,16,0,1,10000
57,2,11914,81,37,12,0,0,5000
58,4,10665,69,66,24,0,1,7000
59,5,7199,69,59,20,3,1,5000
60,2,11317,92,40,11,0,1,6000
61,0,9391,78,49,19,0,0,7000
62,2,16109,100,43,14,0,0,10000
63,1,12210,76,53,15,3,1,8000
64,3,9563,94,57,19,3,1,13000
65,3,12671,105,38,14,3,0,3000
66,3,8395,78,50,19,0,0,4000
67,4,7184,101,40,12,3,1,5000
68,2,11245,80,60,17,0,1,6000
69,6,11347,78,37,14,0,0,6000
70,4,10324,NA,46,12,0,1,6000
71,3,10207,81,64,21,3,1,7000
72,11,6147,71,51,15,3,1,6000
73,1,11447,102,48,17,0,0,9000
74,1,8948,131,61,18,0,1,5000
75,1,12620,90,44,15,0,0,4000
76,3,9038,92,48,16,0,0,3000
77,2,12047,89,55,20,0,1,7000
78,8,9356,92,45,14,0,0,10000
79,9,9171,94,49,15,0,1,12000
80,1,15551,107,45,12,0,1,12000
81,3,11669,95,57,22,0,0,9000
82,7,10845,89,42,11,3,1,8000
83,1,14994,91,47,17,0,0,5000
84,1,9943,88,43,14,0,0,8000
85,1,10862,90,59,22,0,0,5000
86,3,9362,72,42,14,0,1,9000
87,1,13802,77,44,15,0,0,7000
88,0,10161,64,36,12,0,0,9000
89,2,12126,80,62,21,0,1,10000
90,2,15403,106,55,22,3,NA,3000
91,5,9872,103,49,18,3,0,3000
92,6,8007,104,43,12,0,1,10000
93,5,23730,137,56,15,0,1,11000
94,5,9559,80,37,12,0,0,11000
95,3,7582,78,50,18,0,1,11000
96,0,10513,99,32,8,0,0,9000
97,5,7084,89,39,12,0,0,11000
98,1,12842,102,30,11,3,0,3000
99,5,9921,91,43,9,0,1,8000
100,1,16241,110,51,17,0,1,9000
101,7,12360,89,26,7,0,0,7000
102,5,9080,88,50,17,6,0,4000
103,3,9357,80,56,17,0,1,6000
104,1,8973,71,50,14,0,1,4000
105,8,8302,NA,39,13,3,0,8000
106,3,8756,79,48,13,0,1,4000
107,3,11678,102,42,11,3,1,13000
108,3,9384,93,28,9,0,0,7000
109,4,10098,87,55,18,3,1,12000
110,5,14654,83,55,18,0,1,9000
111,13,6953,79,36,12,0,0,12000
112,1,15155,80,42,11,3,1,8000
113,4,7427,74,53,16,0,1,11000
114,2,11406,96,44,14,6,0,4000
115,3,9226,83,49,15,0,1,10000
116,2,13425,98,24,7,0,0,7000
117,6,10741,84,46,13,0,1,8000
118,1,15087,105,51,16,0,1,3000
119,3,11762,84,41,12,3,0,4000
120,7,9412,89,68,23,0,1,13000
121,1,11675,94,47,17,0,0,1000
122,3,8560,103,58,18,0,1,4000
123,1,10098,93,53,18,3,1,5000
124,0,13740,93,29,12,0,0,9000
125,4,16917,97,56,15,0,1,13000
126,3,8471,79,49,15,0,0,5000
127,5,8710,82,44,16,0,0,8000
128,7,7570,55,44,16,0,0,5000
129,1,10585,100,47,17,0,0,8000
130,2,9215,71,55,14,0,1,4000
131,6,7954,84,59,22,0,0,7000
132,7,8117,92,35,9,0,1,8000
133,2,19683,142,50,15,0,1,12000
134,0,21045,106,56,17,0,NA,11000
135,2,10819,109,46,12,0,1,11000
136,4,10014,77,48,18,3,0,6000
137,0,9945,85,58,21,3,1,7000
138,1,12968,92,53,20,3,0,1000
139,1,11879,91,34,8,0,1,6000
140,4,12805,99,47,18,0,0,5000
141,0,11772,86,40,14,0,0,4000
142,6,8878,74,52,16,3,1,6000
143,8,8038,88,52,16,3,1,5000
144,2,9448,72,45,14,0,1,3000
145,5,16165,105,48,15,0,1,8000
146,3,10838,78,52,15,0,1,9000
147,3,8139,62,47,16,0,1,4000
148,1,9690,87,41,11,0,1,5000
149,7,9430,83,47,15,3,0,3000
150,1,8930,87,57,16,0,1,9000
151,4,9041,120,37,9,3,1,9000
152,1,12067,69,49,17,0,0,5000
153,11,5631,78,65,22,0,1,14000
154,1,15224,106,31,6,3,1,8000
155,0,13604,100,50,16,3,0,9000
156,3,9331,72,44,16,0,0,7000
157,4,9635,69,54,15,0,1,6000
158,4,9780,89,52,13,0,1,13000
159,2,9920,73,52,17,0,1,11000
160,0,10391,75,48,16,0,1,7000
161,1,9480,84,47,17,0,0,9000
162,1,10038,109,46,19,0,0,2000
163,1,10322,76,52,17,0,1,12000
164,7,6655,66,43,13,0,1,6000
165,3,11836,85,48,16,0,1,5000
166,5,9107,107,30,7,0,0,6000
167,2,11339,87,41,14,6,0,2000
168,1,11901,88,44,16,0,0,5000
169,1,12920,77,34,11,0,0,10000
170,6,8413,80,46,13,0,1,14000
171,4,9327,80,33,10,0,0,9000
172,2,9542,78,41,10,3,1,4000
173,1,11037,110,34,16,0,0,6000
174,8,7680,63,48,14,3,1,6000
175,1,9948,103,39,9,0,1,6000
176,2,9355,96,56,19,0,1,9000
177,6,15261,124,46,16,0,0,11000
178,3,8114,77,45,12,0,1,6000
179,0,9936,77,41,14,3,0,9000
180,7,8283,70,56,16,0,1,6000
181,2,9610,83,52,17,0,1,10000
182,10,5843,87,28,7,0,0,5000
183,4,11121,87,43,10,0,1,4000
184,3,14365,102,46,16,0,0,9000
185,2,10246,85,44,13,0,1,9000
186,4,10075,92,33,10,3,0,3000
187,4,9248,70,64,21,0,1,7000
188,6,8597,108,51,16,0,1,8000
189,4,10715,107,54,18,0,1,12000
190,1,8388,71,54,19,0,0,8000
191,5,7966,80,30,9,0,0,2000
192,4,17061,NA,39,14,0,0,2000
193,7,8163,95,55,19,0,1,10000
194,0,9222,81,54,19,0,1,10000
195,5,7904,105,50,19,0,0,2000
196,2,8559,92,41,13,0,0,3000
197,1,8923,72,55,18,0,1,7000
198,1,11164,87,48,17,3,0,2000
199,2,9331,75,66,23,0,1,7000
200,5,7475,90,25,7,0,0,10000
201,2,13711,99,45,14,0,1,11000
202,4,9851,72,54,15,0,1,7000
203,7,12214,97,54,17,3,1,11000
204,4,7735,88,42,13,0,0,1000
205,0,14654,84,31,8,0,0,7000
206,0,10870,59,35,10,3,0,3000
207,5,7021,64,50,16,0,1,9000
208,1,11979,102,40,14,0,0,2000
209,7,10830,89,48,16,0,1,5000
210,6,10397,91,61,18,3,1,9000
211,1,11038,97,40,12,0,0,10000
212,3,15875,96,69,26,0,1,5000
213,5,7693,105,57,21,0,0,4000
214,0,9635,90,43,12,0,1,4000
215,4,11392,86,38,13,3,0,10000
216,4,15517,98,51,13,0,1,6000
217,4,7946,84,46,18,0,0,10000
218,3,8602,87,51,14,3,1,7000
219,4,8997,78,38,12,0,0,11000
220,2,11211,83,42,16,0,0,11000
221,6,15526,97,51,17,0,1,10000
222,2,11963,87,39,10,0,0,5000
223,1,9278,102,50,13,0,1,8000
224,4,9025,100,38,12,3,0,9000
225,0,9071,64,50,12,0,1,5000
226,4,8774,86,61,20,0,1,6000
227,1,8896,89,54,16,3,1,4000
228,4,7306,92,70,26,0,1,11000
229,2,12725,101,57,15,3,1,4000
230,3,16225,110,30,3,0,1,7000
231,2,9956,85,47,15,0,1,6000
232,6,9894,104,69,23,0,1,9000
233,1,10805,95,51,12,3,1,10000
234,5,10866,83,59,22,0,1,11000
235,2,9151,88,41,14,0,0,5000
236,2,13084,83,33,9,3,0,1000
237,4,10025,86,49,14,0,1,13000
238,2,11154,77,50,17,0,1,6000
239,6,10598,106,35,11,0,0,4000
240,1,12284,75,54,16,0,1,5000
241,2,10990,75,47,14,3,1,4000
242,3,10332,102,42,14,0,NA,3000
243,0,16254,90,38,12,0,0,9000
244,2,11941,65,48,12,0,1,4000
245,2,10216,69,45,12,3,1,10000
246,5,12226,92,43,14,0,0,11000
247,4,11284,102,46,11,0,1,7000
248,2,13482,73,54,19,0,1,7000
249,3,8332,87,62,21,0,1,8000
250,1,17629,123,38,13,0,0,6000
251,3,15046,93,50,15,0,1,12000
252,0,12602,106,46,15,3,0,3000
253,4,7926,89,43,12,0,1,9000
254,3,11399,67,72,25,0,1,12000
255,1,10739,103,49,12,0,1,4000
256,8,6090,93,59,18,0,1,13000
257,3,10048,111,38,10,0,1,4000
258,3,8166,84,51,13,0,1,12000
259,3,8538,72,46,16,0,0,3000
260,1,9904,77,39,12,3,0,7000
261,3,7957,102,51,14,0,1,4000
262,3,10983,103,47,12,3,1,6000
263,2,9252,85,52,15,3,1,4000
264,5,8948,NA,44,17,0,0,3000
265,2,8878,78,41,13,0,0,2000
266,2,10262,97,64,22,0,1,13000
267,5,8794,88,32,6,0,1,13000
268,0,11633,88,51,19,3,0,5000
269,3,12288,101,35,11,3,0,4000
270,5,8411,65,45,13,0,1,4000
271,8,5626,56,49,18,0,0,12000
272,2,9415,81,43,16,0,0,11000
273,3,9511,65,46,13,0,1,7000
274,4,12499,72,41,10,3,1,7000
275,4,9664,65,44,13,0,1,7000
276,0,11434,82,48,15,0,0,1000
277,5,9990,108,41,14,0,0,11000
278,0,11500,88,40,15,0,0,9000
279,5,7815,70,47,10,0,1,12000
280,2,11703,107,52,15,0,1,4000
281,2,9660,93,49,14,3,1,10000
282,0,10446,105,50,14,3,1,8000
283,0,16479,112,52,24,0,0,5000
284,1,8983,110,49,16,3,1,12000
285,8,7708,93,40,12,0,1,13000
286,5,8208,81,28,10,0,0,6000
287,6,7330,84,49,17,3,0,5000
288,0,9465,89,42,12,6,0,4000
289,3,10485,79,53,16,3,1,12000
290,3,15071,107,41,11,3,1,8000
291,5,8913,101,50,16,0,1,8000
292,5,14537,83,33,8,0,0,7000
293,1,9826,69,38,13,0,0,3000
294,1,9174,81,51,22,6,0,8000
295,1,10622,76,56,17,0,1,9000
296,9,6624,57,60,20,0,1,9000
297,0,12731,80,40,11,0,1,6000
298,1,15354,105,42,17,6,0,9000
299,0,10966,102,51,17,0,1,5000
300,5,7866,70,46,16,3,0,11000
301,4,9299,62,45,13,0,1,8000
302,6,8280,64,56,19,0,1,7000
303,3,9691,61,55,20,0,1,11000
304,6,12370,94,45,13,0,1,7000
305,1,10605,119,46,16,0,0,5000
306,1,9278,89,49,14,0,1,12000
307,3,10309,104,55,18,0,1,6000
308,5,17948,107,46,17,6,0,9000
309,7,10163,85,40,13,3,0,10000
310,3,9021,62,43,16,0,0,8000
311,2,16749,125,44,13,0,1,4000
312,3,13292,84,46,14,0,1,5000
313,2,10316,91,35,7,3,1,10000
314,2,12202,87,45,13,0,1,11000
315,4,14627,110,40,10,0,1,7000
316,4,7557,72,40,12,0,1,12000
317,2,9150,89,55,17,0,1,9000
318,6,8431,76,47,14,0,1,12000
319,4,12199,75,51,17,0,NA,3000
320,3,11508,88,57,21,3,0,5000
321,1,11603,85,59,20,0,1,12000
322,0,14299,86,55,17,0,1,4000
323,3,10188,75,51,19,0,0,8000
324,5,14634,101,53,14,3,1,9000
325,4,7976,90,53,18,0,0,9000
326,4,7510,84,43,15,0,0,11000
327,2,13111,85,51,18,0,0,6000
328,8,7115,69,49,17,0,0,4000
329,6,8495,81,42,13,0,0,3000
330,3,15130,83,52,14,0,1,3000
331,0,9568,99,45,14,3,0,10000
332,7,10002,87,37,11,0,0,4000
333,3,9020,64,55,20,3,1,9000
334,3,9183,96,61,18,0,1,3000
335,5,18476,128,51,17,6,0,2000
336,8,7113,84,42,12,0,0,8000
337,2,9001,76,37,12,3,0,10000
338,2,8445,96,43,9,0,1,8000
339,0,11398,74,55,21,0,0,10000
340,4,9807,83,59,23,3,0,3000
341,10,7457,76,51,16,0,0,7000
342,1,12255,65,53,19,0,0,3000
343,1,9215,71,47,15,3,1,7000
344,3,10541,99,57,18,3,1,6000
345,3,15595,90,54,19,0,0,4000
346,13,4767,82,54,22,0,0,9000
347,3,9990,66,38,12,0,0,11000
348,1,14445,105,55,18,3,0,6000
349,1,11970,102,46,14,0,1,10000
350,2,15311,90,39,12,0,0,7000
351,2,9862,112,40,12,0,0,6000
352,6,8142,89,55,18,0,1,8000
353,5,7309,71,45,13,0,1,10000
354,1,15354,139,42,17,3,0,11000
355,1,11800,83,47,16,3,0,3000
356,7,10396,84,61,21,0,1,4000
357,1,11013,97,51,18,0,1,7000
358,1,11134,73,50,14,3,1,6000
359,4,11243,65,53,14,0,1,5000
360,5,11604,126,46,16,3,0,7000
361,5,9439,76,38,12,0,0,11000
362,6,6811,70,55,17,0,1,10000
363,9,8688,75,36,11,0,0,10000
364,9,6173,94,43,12,0,1,12000
365,6,14990,121,49,16,3,1,5000
366,6,12484,83,45,15,0,1,7000
367,0,10287,90,41,9,3,1,5000
368,5,9270,63,49,15,0,1,10000
369,3,8861,64,49,19,0,0,3000
370,6,9670,87,47,20,0,0,12000
371,1,11459,82,35,12,0,0,10000
372,4,7768,68,53,20,0,0,3000
373,4,8560,70,29,9,3,0,2000
374,1,19062,128,37,10,0,0,6000
375,1,15530,103,49,14,0,1,10000
376,6,16508,110,28,8,0,0,10000
377,1,8250,72,54,18,0,0,7000
378,6,7135,56,53,21,0,0,10000
379,1,9523,93,42,13,3,1,3000
380,0,12748,107,62,22,0,1,8000
381,1,16205,108,51,14,0,1,8000
382,8,8384,103,42,15,0,0,2000
383,2,10580,74,54,18,0,1,8000
384,4,20617,105,36,12,0,0,4000
385,3,12834,93,51,14,0,1,7000
386,4,9254,85,43,15,3,1,10000
387,2,11804,110,61,23,6,0,5000
388,1,12659,102,42,14,3,0,8000
389,1,10380,71,55,19,0,0,2000
390,1,13947,72,45,18,0,0,9000
391,1,8800,74,46,12,3,1,4000
392,5,8646,73,34,12,0,0,3000
393,6,14329,127,47,15,3,1,9000
394,2,8961,67,33,9,0,0,9000
395,2,8454,66,56,19,3,0,7000
396,0,10513,94,41,14,3,0,9000
397,4,8854,86,50,15,0,1,8000
398,5,7085,72,44,12,3,1,9000
399,8,6611,84,40,14,0,0,4000
400,2,9087,68,40,13,0,0,6000
401,3,9324,66,26,7,0,0,9000
402,3,12474,67,36,8,0,1,6000
403,9,5468,60,52,16,0,1,9000
404,2,9995,87,63,24,3,1,12000
405,2,20921,136,46,15,0,0,11000
406,1,12630,65,56,18,3,1,7000
407,10,9339,81,44,11,3,0,9000
408,9,10790,86,44,16,0,0,3000
409,1,10441,82,49,18,3,0,4000
410,4,8021,87,49,13,0,1,9000
411,1,19134,101,35,10,0,0,4000
412,0,11765,104,38,9,0,1,9000
413,4,10112,79,48,14,0,1,11000
414,0,13121,94,45,13,3,1,8000
415,3,11795,92,64,21,0,1,8000
416,1,9407,86,36,12,3,0,9000
417,1,12780,85,44,14,3,0,9000
418,2,13030,98,55,15,3,1,9000
419,3,9382,78,38,15,0,0,2000
420,0,10796,67,68,22,0,1,12000
421,3,10160,78,56,15,3,1,10000
422,1,9173,68,47,13,3,1,5000
423,2,22185,125,60,22,0,0,8000
424,10,6932,71,57,18,0,1,7000
425,1,9844,72,56,18,0,1,4000
426,2,9370,78,38,13,0,0,10000
427,2,8554,89,48,15,3,1,11000
428,6,9251,86,53,17,0,1,4000
429,4,8823,96,38,12,0,0,3000
430,1,10775,88,49,15,0,1,7000
431,0,14623,101,51,17,0,0,1000
432,1,10786,71,36,10,0,0,6000
433,8,14686,103,58,18,0,1,10000
434,11,12676,82,61,19,0,1,11000
435,2,11410,66,43,15,0,0,8000
436,7,7951,82,50,17,3,1,8000
437,7,6987,94,57,20,0,1,12000
438,2,12991,91,36,11,6,0,4000
439,3,9790,85,40,13,3,0,7000
440,10,10652,116,48,16,3,1,7000
441,8,8671,79,44,12,0,1,10000
442,1,9530,76,38,13,0,0,4000
443,8,7237,62,40,11,0,1,4000
444,8,6154,102,24,7,3,0,9000
445,4,9254,82,67,23,0,1,11000
446,14,5604,71,57,22,0,0,9000
447,2,11833,89,62,22,3,0,4000
448,1,8505,82,49,18,0,0,6000
449,12,8533,88,42,13,0,1,12000
450,5,8402,68,52,14,0,1,5000
451,1,10977,105,30,6,0,1,5000
452,1,10656,85,50,19,0,0,2000
453,2,10450,111,54,18,0,1,4000
454,5,9068,97,52,12,0,1,5000
455,4,9640,95,57,22,0,0,6000
456,6,11012,94,59,19,3,1,10000
457,1,14255,98,57,21,0,1,12000
458,6,7499,100,43,15,0,0,2000
459,6,9382,82,52,15,0,1,7000
460,1,11202,119,60,21,0,1,4000
461,2,9407,80,34,9,3,0,11000
462,1,9304,77,47,15,0,1,9000
463,3,10959,87,48,18,0,0,6000
464,3,8418,72,46,11,0,1,10000
465,0,16360,113,42,14,0,0,3000
466,2,8576,73,51,14,3,1,10000
467,2,13765,103,59,19,0,1,4000
468,3,12383,83,64,19,0,1,10000
469,1,9986,79,59,20,0,1,8000
470,5,14926,107,57,18,0,1,6000
471,8,7064,91,45,11,0,1,5000
472,3,10066,108,51,19,0,0,11000
473,5,9483,82,38,7,0,1,5000
474,2,9011,102,41,12,0,1,8000
475,3,10549,93,49,15,3,1,5000
476,3,13276,116,56,19,0,1,10000
477,1,11952,97,48,21,0,NA,5000
478,3,11283,65,62,21,0,1,6000
479,6,8321,106,45,16,0,0,6000
480,5,8017,75,61,21,0,1,4000
481,2,11565,97,38,9,0,1,7000
482,4,10709,89,36,12,0,0,9000
483,3,12587,99,49,13,0,1,9000
484,4,9225,73,50,16,3,0,11000
485,3,10998,86,42,12,0,1,3000
486,3,10333,82,31,12,0,0,3000
487,5,8875,83,65,24,0,0,9000
488,0,9466,69,42,14,0,0,1000
489,7,6971,77,47,13,0,1,9000
490,3,11973,57,53,17,0,1,7000
491,3,9620,85,43,13,3,0,2000
492,5,NA,102,44,13,0,1,5000
493,4,14619,88,60,23,0,0,3000
494,2,12427,110,52,16,3,1,6000
495,4,12033,90,49,18,3,0,8000
496,4,8414,85,50,17,3,0,8000
497,3,7795,104,42,10,0,1,6000
498,3,7973,77,46,15,0,0,5000
499,9,9431,117,33,12,3,0,5000
500,5,11039,93,55,20,0,0,10000
501,3,8178,85,36,11,0,0,6000
502,4,12309,106,45,17,0,0,10000
503,8,10554,129,27,5,0,0,8000
504,2,16975,100,36,12,0,0,10000
505,3,9890,85,49,14,0,NA,4000
506,6,15701,90,54,19,0,0,10000
507,4,10700,68,49,14,0,1,9000
508,1,9852,91,46,17,6,0,1000
509,2,8253,64,39,13,0,0,4000
510,0,14959,108,50,16,0,0,10000
511,1,11982,94,44,15,0,0,1000
512,4,8500,64,40,14,0,0,11000
513,7,8233,69,53,18,3,0,4000
514,0,11060,89,60,17,0,1,6000
515,2,10829,77,25,7,0,0,7000
516,3,11248,97,30,10,0,0,7000
517,6,7575,80,33,8,0,1,4000
518,0,9602,68,42,11,0,1,7000
519,4,11042,77,51,15,0,1,12000
520,5,9905,74,51,20,0,0,5000
521,0,9487,102,37,13,3,0,7000
522,7,6958,67,33,12,3,0,11000
523,2,10190,84,51,15,3,1,5000
524,1,9058,80,42,14,0,0,7000
525,2,17210,114,50,13,0,1,9000
526,3,8072,106,47,11,0,1,4000
527,2,13502,98,43,12,0,1,7000
528,0,16315,99,44,16,0,0,1000
529,3,11125,83,45,17,0,0,8000
530,4,8514,78,39,12,0,0,10000
531,5,14656,93,44,14,3,1,11000
532,0,12808,105,53,16,0,1,11000
533,0,12452,74,44,16,0,0,9000
534,4,8957,81,55,18,0,1,6000
535,9,12452,117,60,24,0,0,9000
536,2,9822,84,48,17,0,0,2000
537,7,13966,84,39,8,0,1,6000
538,0,12914,84,29,8,3,0,5000
539,2,11760,77,45,11,3,1,11000
540,5,7867,80,52,15,0,1,11000
541,5,9870,121,36,10,3,1,5000
542,6,6639,112,46,17,3,0,4000
543,6,9436,86,38,13,0,0,4000
544,3,11307,97,45,15,0,0,8000
545,5,7034,NA,37,14,0,0,6000
546,1,11966,83,50,13,0,1,12000
547,1,15956,88,47,16,0,0,10000
548,5,11364,90,40,12,3,1,7000
549,4,11821,75,32,8,0,0,4000
550,1,8961,83,46,15,0,0,6000
551,5,8021,63,39,13,0,0,2000
552,0,13553,67,44,14,3,0,1000
553,5,8902,63,51,12,0,1,11000
554,3,8730,86,45,13,0,1,9000
555,3,11452,67,51,16,0,1,7000
556,1,11506,78,32,11,0,0,5000
557,2,12590,89,66,23,0,1,10000
558,1,19405,119,60,22,0,1,8000
559,2,8971,79,43,12,3,1,9000
560,0,14786,91,38,12,0,0,9000
561,8,10214,87,48,17,3,0,2000
562,2,8217,95,30,8,0,0,4000
563,3,14393,104,54,18,0,1,9000
564,4,10715,81,44,11,0,1,13000
565,2,10704,83,52,17,0,1,8000
566,2,9033,76,42,14,3,0,9000
567,5,8369,70,47,15,3,1,11000
568,4,13902,92,46,13,3,0,8000
569,3,15073,117,49,13,3,1,11000
570,2,12488,81,48,16,0,0,7000
571,2,8953,57,46,14,0,1,8000
572,3,9384,73,41,13,0,1,12000
573,3,10521,63,38,12,0,0,8000
574,9,6838,76,48,13,0,1,12000
575,3,16966,113,44,14,0,0,4000
576,3,11670,93,51,12,0,1,9000
577,4,8413,104,38,11,0,1,7000
578,5,10647,94,73,25,0,1,12000
579,1,9805,81,43,15,0,0,3000
580,3,13997,94,57,18,3,1,6000
581,0,11487,69,45,15,0,0,2000
582,3,14336,90,43,10,3,1,11000
583,3,14388,106,41,11,0,0,7000
584,2,12795,101,61,20,0,1,11000
585,2,10609,109,50,17,0,0,5000
586,3,10412,92,35,10,3,0,9000
587,4,8571,71,38,14,0,0,3000
588,2,10272,77,49,17,0,0,1000
589,1,13993,107,54,17,0,1,5000
590,3,13989,93,59,23,0,0,7000
591,10,6561,92,42,13,0,0,12000
592,3,16652,143,48,14,0,1,6000
593,0,10807,76,36,14,0,0,7000
594,5,9191,101,41,11,3,1,10000
595,4,9646,71,36,11,0,0,3000
596,2,10434,63,53,17,0,1,7000
597,5,7870,96,45,15,0,1,6000
598,2,10439,76,59,21,3,0,3000
599,1,12221,83,43,13,0,1,8000
600,9,10177,106,47,14,3,1,11000
601,5,12831,113,51,18,0,0,11000
602,4,9484,89,47,15,0,0,5000
603,0,11252,103,48,17,0,0,6000
604,4,7982,93,53,20,0,0,3000
605,3,15146,141,36,13,0,0,4000
606,2,12860,110,45,15,0,0,10000
607,8,6663,70,46,16,0,0,12000
608,3,11911,100,44,15,0,0,6000
609,5,13766,92,35,12,0,0,10000
610,10,7493,67,60,17,0,1,8000
611,0,10215,108,41,13,0,1,4000
612,1,10718,77,66,25,3,0,8000
613,4,11477,75,42,13,0,0,10000
614,4,12096,99,57,19,3,1,12000
615,4,8028,80,38,11,3,0,8000
616,6,10856,119,60,21,0,0,11000
617,2,15329,121,43,16,0,0,4000
618,2,11360,77,56,17,3,1,8000
619,0,10482,83,51,17,0,1,11000
620,0,9675,91,43,15,0,0,5000
621,12,9111,108,43,17,0,0,7000
622,3,12867,80,50,21,0,0,6000
623,10,5552,93,58,21,3,1,6000
624,0,10482,77,41,15,0,0,3000
625,0,11590,79,43,14,3,0,6000
626,1,12317,89,44,10,3,1,10000
627,3,13939,93,38,15,0,0,10000
628,2,10748,66,52,20,3,0,7000
629,0,12680,87,51,21,0,0,5000
630,4,10291,84,55,18,3,1,4000
631,6,9624,61,35,10,0,0,10000
632,2,11137,63,38,15,0,0,3000
633,2,12935,101,55,15,0,1,5000
634,4,8712,87,49,14,0,1,13000
635,2,10570,91,58,19,3,1,9000
636,3,9448,76,46,15,0,0,7000
637,1,13618,94,45,15,0,0,9000
638,3,13618,106,53,19,0,0,6000
639,1,15402,113,42,14,0,0,8000
640,2,8315,67,44,12,3,1,13000
641,2,18122,101,35,9,3,1,4000
642,3,11488,72,52,18,0,0,6000
643,1,NA,98,50,16,0,1,8000
644,6,6344,53,60,22,0,1,13000
645,4,9058,98,57,19,0,1,7000
646,1,14033,88,57,19,3,1,12000
647,2,8345,77,43,14,0,0,2000
648,2,8595,75,53,15,3,1,11000
649,2,10812,75,41,14,6,0,7000
650,4,9593,79,38,11,3,0,7000
651,2,10477,90,50,17,0,0,9000
652,2,9643,63,49,15,0,1,11000
653,1,8902,74,49,18,3,0,2000
654,1,10774,68,44,15,0,1,3000
655,1,11918,83,51,16,0,1,5000
656,1,12397,82,48,14,0,1,8000
657,7,10959,83,39,14,3,0,7000
658,3,10056,105,38,11,0,0,5000
659,7,14093,116,57,19,0,1,12000
660,5,NA,101,43,11,3,1,6000
661,8,9391,87,41,11,0,1,8000
662,1,12729,83,30,9,0,0,6000
663,2,8842,78,47,16,3,0,11000
664,6,NA,79,42,12,0,1,12000
665,4,14473,112,33,10,0,0,4000
666,8,6500,79,47,17,0,0,4000
667,5,9555,71,51,18,3,0,10000
668,8,6938,86,45,17,0,0,4000
669,3,12038,91,58,18,0,1,12000
670,5,10433,102,59,21,3,0,11000
671,2,9725,101,52,15,0,1,8000
672,6,8551,100,37,9,0,1,10000
673,4,7621,77,51,16,3,1,8000
674,2,10260,77,45,14,3,1,3000
675,1,9151,72,58,18,0,1,11000
676,1,15405,98,55,17,0,1,12000
677,3,11384,59,27,4,0,1,9000
678,3,10450,83,61,18,0,1,7000
679,5,8915,63,48,15,0,0,4000
680,0,9024,82,51,19,3,0,1000
681,7,6884,74,45,14,3,1,9000
682,1,12120,89,48,13,3,1,9000
683,3,14391,88,42,15,0,0,5000
684,3,10760,72,41,17,0,0,5000
685,3,8879,102,49,13,0,1,4000
686,4,8614,69,44,13,0,1,5000
687,5,10018,54,38,11,0,0,10000
688,0,11735,93,35,9,0,0,2000
689,3,15102,107,51,21,3,0,7000
690,3,15862,95,45,14,0,1,9000
691,0,9516,99,49,15,3,1,5000
692,7,11137,85,45,16,3,0,2000
693,1,10631,72,52,16,3,1,8000
694,2,11838,104,42,11,3,1,5000
695,11,8659,78,41,13,3,1,12000
696,1,9219,80,49,13,0,1,9000
697,6,13932,70,42,10,3,1,7000
698,3,8516,96,50,21,0,0,7000
699,6,11261,73,36,10,0,0,10000
700,6,10229,115,46,15,0,0,5000
701,3,7944,74,54,19,0,1,13000
702,0,11542,94,43,13,0,0,4000
703,6,10038,74,43,16,6,0,9000
704,3,10320,88,38,10,0,0,3000
705,6,12739,105,29,9,0,0,6000
706,4,8745,98,54,16,3,1,5000
707,5,11854,92,52,18,0,0,11000
708,1,10453,86,31,8,3,1,8000
709,2,7964,87,45,12,0,1,6000
710,4,11652,91,53,19,3,1,10000
711,5,8022,83,54,19,0,0,9000
712,1,9714,90,45,12,0,1,3000
713,4,9889,99,46,14,3,0,10000
714,3,7774,75,49,18,0,0,1000
715,7,5823,79,60,16,0,1,5000
716,9,6957,91,57,17,3,1,4000
717,1,14650,113,45,12,0,1,8000
718,2,8496,85,58,19,0,1,8000
719,0,15117,88,35,9,3,0,10000
720,1,14501,117,52,17,0,1,5000
721,7,10407,85,43,14,3,0,10000
722,1,11115,85,41,14,0,0,7000
723,0,12577,116,56,20,3,1,10000
724,5,9096,76,43,14,0,0,10000
725,6,11485,105,31,8,0,0,2000
726,6,16466,101,38,14,0,0,3000
727,3,10823,85,46,15,0,1,6000
728,1,9694,86,62,25,0,0,10000
729,1,15322,110,50,16,0,1,11000
730,1,19497,108,53,10,0,1,10000
731,6,11846,83,43,15,6,0,10000
732,5,9988,106,40,11,3,1,9000
733,3,10317,97,65,24,0,1,5000
734,6,13432,105,35,11,0,0,5000
735,5,6850,69,39,12,0,0,5000
736,3,9756,111,36,15,3,0,11000
737,0,13914,75,46,17,0,0,8000
738,1,13470,67,59,17,0,1,4000
739,4,10965,67,59,15,3,1,4000
740,3,11968,85,62,21,0,1,10000
741,6,7659,101,54,18,0,1,14000
742,7,7165,106,48,16,0,0,3000
743,1,11840,80,28,8,0,0,9000
744,2,13216,88,43,12,3,1,12000
745,0,10393,72,40,11,3,1,7000
746,2,10837,87,43,13,3,0,10000
747,12,7074,68,44,14,3,1,8000
748,5,7530,59,35,12,0,0,10000
749,4,9345,95,47,17,0,0,5000
750,8,9939,90,43,13,0,1,12000
751,3,9322,72,55,16,0,1,5000
752,2,16858,89,50,14,3,1,7000
753,16,7535,78,44,13,0,1,14000
754,2,10157,80,62,24,0,0,10000
755,2,10428,88,43,12,6,1,7000
756,4,7963,82,42,10,0,1,5000
757,1,10596,83,56,18,0,1,4000
758,9,7589,91,46,15,3,0,4000
759,2,9499,69,54,20,0,0,4000
760,4,8245,87,49,16,0,0,7000
761,3,14804,96,46,15,3,1,6000
762,2,10210,87,43,14,0,0,4000
763,1,14072,100,29,9,0,0,9000
764,3,9347,63,42,11,0,1,7000
765,1,13894,95,54,19,0,0,2000
766,1,10817,70,48,15,0,0,10000
767,1,16171,82,41,12,3,0,3000
768,4,7474,86,51,15,0,NA,5000
769,10,6051,49,50,14,0,1,9000
770,1,NA,72,59,17,3,1,12000
771,6,10952,76,42,12,0,1,8000
772,10,9817,110,38,8,0,1,12000
773,9,6242,83,42,12,0,1,8000
774,1,10159,90,58,20,0,1,8000
775,4,NA,81,51,15,0,1,4000
776,1,9589,71,50,17,0,0,10000
777,1,9752,61,35,11,0,0,7000
778,1,10998,67,41,17,3,0,7000
779,3,15842,119,33,11,3,0,4000
780,1,15715,88,50,16,0,1,11000
781,6,10137,51,52,18,3,0,8000
782,2,11251,92,43,16,0,0,11000
783,6,13663,111,48,18,0,0,3000
784,2,12029,84,53,16,0,1,10000
785,3,9636,97,36,12,0,0,1000
786,0,10425,73,35,7,0,1,8000
787,4,8109,97,48,16,0,0,5000
788,4,8637,90,48,15,3,0,5000
789,6,7784,65,41,13,0,0,5000
790,1,12272,113,57,17,0,1,9000
791,2,10978,98,48,20,0,0,3000
792,5,9085,101,52,18,0,0,10000
793,2,12778,96,49,18,0,0,8000
794,4,11118,103,43,13,0,0,6000
795,0,9136,72,37,14,0,0,5000
796,6,NA,75,37,11,0,0,11000
797,1,12314,80,65,23,0,1,7000
798,2,10510,91,63,23,0,1,10000
799,4,10458,77,39,10,0,1,7000
800,1,13324,112,52,18,3,0,7000
801,4,8590,108,47,13,3,1,6000
802,3,11674,64,59,20,0,1,9000
803,3,9772,79,49,17,0,0,1000
804,5,14413,88,53,18,0,1,10000
805,9,8920,82,45,16,3,0,9000
806,0,11344,66,48,13,0,1,4000
807,1,11896,104,39,16,0,0,8000
808,4,13104,90,41,13,0,0,6000
809,3,8742,97,55,19,0,0,6000
810,2,9494,85,53,19,0,0,10000
811,2,10124,91,28,10,0,0,3000
812,1,11889,79,47,17,0,0,8000
813,2,10466,99,46,15,6,1,5000
814,3,9287,74,58,18,3,1,5000
815,6,8791,85,49,15,0,1,4000
816,2,8819,92,45,15,3,0,2000
817,10,9020,84,39,14,0,0,6000
818,4,10755,90,44,14,0,0,7000
819,3,11357,97,45,16,0,0,7000
820,3,8733,114,44,15,6,0,11000
821,3,9911,90,39,17,0,0,2000
822,1,11608,75,45,12,3,1,10000
823,4,12071,90,45,18,0,0,11000
824,7,7176,71,31,6,0,1,13000
825,2,8601,88,45,14,0,0,6000
826,1,14478,79,50,18,0,0,3000
827,8,14009,120,56,14,0,1,10000
828,3,16079,103,54,20,0,0,2000
829,2,10392,94,36,7,0,1,13000
830,3,8332,64,50,16,0,0,3000
831,1,11329,89,60,20,0,1,11000
832,13,4359,80,53,15,0,1,11000
833,1,NA,101,51,18,3,1,8000
834,9,9661,94,52,15,0,1,14000
835,1,10568,110,45,13,0,1,11000
836,1,11884,111,51,18,0,0,10000
837,5,7431,75,55,16,3,1,6000
838,2,9649,104,43,15,0,0,6000
839,2,14596,83,43,13,3,0,8000
840,4,10562,96,38,12,0,0,6000
841,1,10246,96,42,11,0,1,5000
842,6,8284,95,49,15,3,1,6000
843,4,11783,97,44,16,0,0,3000
844,1,12110,87,42,12,0,1,6000
845,5,8272,76,39,12,0,0,3000
846,7,13403,112,42,12,0,1,7000
847,15,5053,89,49,15,0,1,14000
848,3,NA,85,37,13,0,0,9000
849,2,11091,74,53,16,0,1,8000
850,5,9430,77,37,12,0,0,9000
851,4,11201,88,56,17,0,1,7000
852,2,8005,87,45,15,0,0,5000
853,1,9577,98,47,17,0,0,1000
854,11,5837,82,41,12,0,1,5000
855,1,12396,127,49,16,0,1,10000
856,6,7417,68,34,10,0,1,9000
857,1,11135,94,53,20,0,0,7000
858,5,11512,86,49,18,0,0,9000
859,5,12190,95,61,23,0,0,11000
860,2,9667,72,43,15,0,0,6000
861,8,8745,91,38,13,0,0,3000
862,1,12952,75,48,17,0,0,6000
863,6,7256,102,44,11,0,1,4000
864,3,9770,81,57,15,0,1,5000
865,5,10780,91,53,16,0,1,4000
866,2,10856,94,49,13,0,1,10000
867,3,10815,78,61,24,0,NA,11000
868,0,12937,99,57,18,0,1,6000
869,5,11501,74,40,12,0,0,2000
870,3,15126,83,44,17,3,0,4000
871,3,8038,65,32,8,0,0,8000
872,3,13063,103,57,17,0,1,10000
873,5,11817,84,53,16,0,1,6000
874,2,10628,74,55,18,3,1,6000
875,4,8858,59,43,11,0,1,12000
876,5,9087,78,46,16,0,0,10000
877,4,9634,67,37,10,0,0,5000
878,0,8800,82,44,16,3,0,8000
879,2,10739,97,50,17,0,0,3000
880,4,9801,88,39,15,0,0,7000
881,3,10479,116,49,17,0,0,9000
882,1,8393,93,54,18,3,1,5000
883,5,10980,84,35,11,0,0,2000
884,4,13216,93,47,17,0,0,8000
885,6,16349,114,57,21,3,0,10000
886,21,5223,80,52,16,0,1,12000
887,5,7543,71,69,27,3,0,3000
888,6,7991,103,62,23,3,0,6000
889,2,9299,81,53,19,0,0,9000
890,6,10283,80,40,16,0,0,5000
891,2,8517,103,33,12,0,0,9000
892,2,9993,80,42,13,0,0,8000
893,4,7265,74,47,16,0,0,8000
894,4,7729,73,50,13,0,1,4000
895,3,9677,93,48,17,0,0,8000
896,6,7507,102,59,20,3,1,7000
897,1,8887,83,51,15,0,1,6000
898,6,17582,115,45,14,0,1,8000
899,9,10697,112,47,16,3,0,7000
900,2,9340,55,43,13,3,0,11000
901,7,9236,71,42,13,0,0,9000
902,7,7523,106,51,17,0,0,10000
903,2,10404,82,40,12,0,1,13000
904,1,18705,107,42,15,0,0,8000
905,0,9147,65,55,16,0,1,10000
906,5,6880,69,53,18,0,1,7000
907,7,10884,91,53,19,3,0,3000
908,3,8308,67,43,14,3,1,8000
909,4,13234,101,46,13,0,1,8000
910,2,18454,122,45,14,0,1,13000
911,3,8334,60,52,18,0,0,2000
912,8,7158,58,54,15,0,1,4000
913,11,6692,93,53,13,0,NA,11000
914,6,7208,77,53,14,0,1,4000
915,2,9119,82,41,14,3,0,7000
916,0,11737,76,49,17,0,0,7000
917,8,12454,110,43,14,0,0,6000
918,0,12696,81,45,13,0,1,8000
919,8,7034,64,57,22,0,0,11000
920,2,8957,82,44,15,3,NA,6000
921,1,11387,108,48,21,0,0,3000
922,4,13905,85,45,12,0,1,9000
923,11,4535,64,45,14,3,1,12000
924,0,12385,82,49,16,0,1,3000
925,3,11198,91,58,18,0,1,10000
926,3,9606,124,51,20,0,0,9000
927,0,15794,93,35,9,0,0,7000
928,0,11362,82,47,11,0,1,8000
929,2,11693,95,38,9,0,1,3000
930,1,8854,79,46,14,0,1,3000
931,1,12214,107,43,16,0,0,4000
932,2,9426,81,39,11,3,1,6000
933,6,6621,98,38,15,3,0,3000
934,4,14914,106,53,12,0,1,9000
935,0,11866,77,35,10,3,0,4000
936,2,16672,129,47,14,0,1,6000
937,8,7478,83,35,11,0,0,7000
938,0,15267,104,34,9,0,0,3000
939,6,7522,84,32,10,3,0,5000
940,3,15845,133,46,17,6,0,9000
941,5,9156,73,47,14,3,1,8000
942,5,11257,69,44,20,0,0,3000
943,1,9779,116,53,16,3,1,4000
944,4,9493,98,43,14,0,0,3000
945,2,9219,86,27,9,6,0,8000
946,1,13009,88,47,16,3,0,10000
947,1,18286,120,39,12,0,1,5000
948,1,10579,86,50,15,0,1,11000
949,0,14689,105,46,16,0,0,10000
950,0,10123,91,50,19,0,0,6000
951,12,7811,78,60,18,0,1,5000
952,3,11897,97,40,13,0,0,6000
953,3,13405,115,48,15,0,1,8000
954,2,10312,104,52,17,0,1,4000
955,1,10050,62,59,19,0,0,1000
956,4,11360,86,46,17,3,0,8000
957,1,15113,91,44,15,6,0,6000
958,7,11832,102,48,17,0,0,9000
959,0,9358,90,49,15,0,1,3000
960,3,11228,95,53,19,0,0,6000
961,0,12677,67,51,14,3,1,10000
962,1,11486,91,48,14,3,1,4000
963,1,15518,118,55,17,0,1,7000
964,2,10854,82,45,15,3,0,5000
965,0,10898,105,62,20,0,1,7000
966,4,9886,86,41,13,3,0,2000
967,0,11749,94,55,22,0,0,10000
968,2,10059,80,48,16,0,0,3000
969,5,7503,89,55,20,6,0,7000
970,2,9967,95,33,11,0,0,7000
971,1,8925,76,42,13,0,0,11000
972,5,7286,NA,50,19,0,0,6000
973,0,13691,96,55,17,0,1,12000
974,0,10702,106,44,16,0,0,8000
975,7,11198,71,56,18,0,1,4000
976,14,4015,77,32,8,0,0,7000
977,4,18688,109,52,14,0,1,4000
978,8,9097,97,54,15,0,1,11000
979,9,9655,77,48,17,0,0,10000
980,1,11109,87,32,5,0,1,7000
981,0,10457,100,62,20,0,1,7000
982,0,23672,143,54,18,3,1,11000
983,2,11302,83,52,20,0,0,4000
984,6,9265,95,54,18,0,1,10000
985,1,10458,77,41,11,0,1,3000
986,5,8910,74,61,21,0,1,7000
987,7,8058,108,34,13,3,0,4000
988,1,9912,64,35,5,0,1,5000
989,2,11293,74,38,12,0,0,6000
990,1,10048,93,51,17,0,0,4000
991,10,6065,54,53,19,0,0,9000
992,2,12575,94,43,11,3,1,3000
993,1,14380,74,58,17,3,1,4000
994,7,8195,97,49,16,0,0,3000
995,6,12193,96,30,10,0,0,2000
996,5,9542,90,57,15,3,1,5000
997,1,9694,75,53,19,3,1,12000
998,7,7405,88,39,13,0,0,4000
999,5,9381,89,65,24,0,0,6000
1000,2,11570,75,60,21,3,1,5000
1001,1,8559,87,51,16,0,1,8000
1002,12,4819,84,44,19,3,0,8000
1003,3,10668,105,47,14,3,1,12000
1004,1,13024,97,47,17,0,0,10000
1005,0,9405,84,59,18,0,1,5000
1006,2,15492,93,38,15,0,0,5000
1007,1,8554,63,45,15,0,0,6000
1008,1,11504,111,42,14,0,0,2000
1009,1,9403,59,40,12,0,0,5000
1010,4,11670,93,52,15,0,1,9000
1011,3,8399,52,51,13,0,1,5000
1012,3,10361,96,38,16,0,0,3000
1013,5,7621,74,53,16,0,1,12000
1014,7,14399,93,48,14,0,1,8000
1015,4,7956,88,57,17,0,1,11000
1016,3,9621,71,35,10,3,0,11000
1017,3,8472,88,53,14,0,1,3000
1018,1,10184,85,62,21,3,1,11000
1019,0,9585,104,44,14,3,1,4000
1020,2,9263,65,39,13,0,0,4000
1021,1,10090,65,73,23,0,1,8000
1022,2,8972,66,54,17,0,1,7000
1023,2,8776,54,52,17,0,1,12000
1024,7,9235,102,33,13,0,0,7000
1025,10,9473,79,43,14,0,0,11000
1026,3,14011,107,52,19,3,0,1000
1027,2,17935,104,50,18,3,0,9000
1028,2,19408,125,46,16,3,0,5000
1029,0,11463,99,41,14,0,0,6000
1030,0,14612,115,36,10,3,1,9000
1031,0,9490,80,44,16,0,0,9000
1032,5,11542,66,48,16,0,1,9000
1033,1,19186,116,52,12,0,1,3000
1034,2,8432,63,51,18,0,1,11000
1035,5,9417,111,40,15,3,NA,5000
1036,3,9504,75,55,20,0,0,3000
1037,2,11608,85,52,16,0,1,5000
1038,2,13709,96,44,15,0,0,3000
1039,2,8747,101,40,10,0,1,6000
1040,1,9119,87,52,16,0,1,10000
1041,1,8845,66,49,14,0,1,11000
1042,6,20836,136,38,13,0,0,5000
1043,3,8233,67,56,19,3,1,5000
1044,3,8088,93,56,19,0,0,10000
1045,5,7209,97,57,19,0,1,5000
1046,2,12171,87,49,19,0,0,3000
1047,11,6128,89,43,12,0,1,15000
1048,8,7050,97,60,18,0,1,11000
1049,3,8375,70,29,12,0,0,10000
1050,2,13920,98,38,14,3,0,3000
1051,1,13039,88,44,16,0,0,3000
1052,0,10674,96,53,15,0,1,7000
1053,0,12150,90,49,16,0,1,6000
1054,3,8898,94,56,19,0,1,4000
1055,10,8149,76,28,6,0,1,6000
1056,2,13042,75,60,20,0,1,3000
1057,2,11411,63,49,15,0,1,11000
1058,2,10620,81,47,18,0,0,1000
1059,3,10406,71,34,9,0,1,8000
1060,1,9267,54,53,15,0,1,6000
1061,3,10538,93,48,16,3,0,2000
1062,2,10066,93,41,13,3,0,10000
1063,2,8568,102,51,14,0,1,10000
1064,0,12365,105,39,12,3,0,5000
1065,5,12701,118,37,11,0,0,3000
1066,3,10831,82,34,10,0,0,1000
1067,3,8302,69,47,14,0,1,13000
1068,4,9687,100,42,13,0,1,9000
1069,4,8332,89,41,13,0,0,10000
1070,6,12571,84,41,16,0,0,8000
1071,2,12041,88,55,19,0,1,5000
1072,3,10438,82,60,21,0,1,6000
1073,6,15921,96,52,16,3,1,11000
1074,4,8272,73,48,15,3,1,12000
1075,5,8948,95,48,17,0,0,3000
1076,1,10276,93,30,8,0,0,2000
1077,4,10336,118,45,13,0,1,8000
1078,5,9065,76,33,7,0,1,11000
1079,3,8978,84,27,10,3,0,5000
1080,1,13142,94,42,15,0,0,5000
1081,3,9450,120,46,16,0,0,10000
1082,3,8937,84,42,15,0,0,11000
1083,2,15222,99,32,5,0,1,10000
1084,2,10613,108,57,13,0,1,9000
1085,5,9340,88,51,14,3,1,4000
1086,5,12243,92,44,14,0,1,5000
1087,0,13385,85,55,20,0,0,7000
1088,5,8729,70,39,13,3,0,4000
1089,9,6184,79,55,16,0,1,6000
1090,8,10218,77,47,14,3,1,7000
1091,5,8301,82,35,11,0,0,2000
1092,2,11860,80,60,17,0,1,10000
1093,7,6908,70,40,12,0,1,9000
1094,3,7892,71,54,16,0,1,7000
1095,3,13140,88,26,8,0,0,10000
1096,2,22389,140,51,16,0,1,10000
1097,1,15105,125,44,13,3,1,9000
1098,2,9253,81,41,12,3,1,9000
1099,7,9339,93,49,15,0,1,12000
1100,2,10341,101,52,16,3,1,6000
1101,4,8290,92,40,10,0,1,12000
1102,1,10818,92,51,17,3,1,4000
1103,2,8670,75,55,15,0,1,11000
1104,1,19207,87,53,17,0,1,10000
1105,7,7670,74,48,15,3,1,10000
1106,3,9831,96,56,18,0,1,7000
1107,2,9728,83,38,13,0,0,8000
1108,1,24981,147,58,23,3,0,5000
1109,2,8317,79,59,18,0,1,11000
1110,1,12373,98,39,14,6,0,4000
1111,6,7929,97,60,23,0,0,4000
1112,2,8945,98,40,16,0,0,9000
1113,2,12518,81,29,7,0,0,6000
1114,2,9127,83,53,16,0,1,11000
1115,1,10430,89,51,15,3,1,10000
1116,3,14759,100,37,11,3,0,11000
1117,0,17036,122,37,9,0,1,6000
1118,10,5681,75,44,17,0,0,10000
1119,6,6311,67,56,21,0,0,3000
1120,5,11105,84,46,15,3,0,9000
1121,5,11437,132,28,6,0,0,6000
1122,0,11707,78,65,19,0,1,7000
1123,2,9748,93,48,18,0,0,9000
1124,1,8545,64,51,19,0,0,2000
1125,4,9990,NA,45,18,0,0,10000
1126,2,10481,71,54,17,0,1,12000
1127,4,7872,93,41,13,0,0,5000
1128,8,6703,64,58,22,0,0,11000
1129,4,11038,52,44,17,3,0,4000
1130,1,9431,75,52,12,0,1,3000
1131,2,8687,91,44,13,3,NA,9000
1132,0,12215,106,43,11,0,1,3000
1133,5,9166,106,64,19,0,1,5000
1134,1,12256,105,37,12,0,0,1000
1135,0,9560,77,47,16,0,0,1000
1136,6,14539,95,56,16,3,1,10000
1137,2,8775,113,43,16,0,0,6000
1138,0,18657,128,46,16,0,0,2000
1139,14,3824,45,45,15,0,0,12000
1140,2,8801,77,38,11,0,0,6000
1141,4,8619,107,48,12,0,1,8000
1142,2,9509,83,53,17,0,1,9000
1143,4,8521,84,57,19,3,1,11000
1144,9,7926,71,45,16,0,0,8000
1145,2,12968,89,36,15,0,0,5000
1146,6,10924,90,38,11,0,0,9000
1147,9,7919,74,52,19,0,0,9000
1148,2,9290,81,40,13,3,0,9000
1149,0,10544,76,53,19,3,0,3000
1150,5,8264,71,46,13,3,1,13000
1151,8,7430,93,38,10,0,1,7000
1152,0,15630,119,47,14,3,1,3000
1153,2,11987,101,43,13,0,0,1000
1154,2,8012,70,56,17,0,1,8000
1155,14,4828,95,40,16,0,0,4000
1156,3,9659,86,50,16,0,1,4000
1157,4,12245,93,33,8,0,1,4000
1158,5,21093,128,52,17,0,0,2000
1159,6,7636,62,50,16,0,1,8000
1160,1,18165,122,62,19,3,1,8000
1161,4,8504,85,34,14,0,0,1000
1162,1,10588,81,50,14,3,1,8000
1163,5,11068,82,44,14,0,0,4000
1164,3,16030,147,47,18,0,0,5000
1165,14,10866,88,44,12,0,1,8000
1166,1,9275,88,44,15,3,0,3000
1167,1,22503,115,53,16,3,1,9000
1168,0,12268,95,45,15,0,1,6000
1169,6,NA,58,38,11,0,0,8000
1170,1,11602,101,46,15,0,0,5000
1171,6,7684,68,48,18,3,NA,4000
1172,0,15702,112,53,17,0,1,4000
1173,0,10202,45,37,14,0,0,9000
1174,4,7680,73,57,17,0,1,10000
1175,0,15349,102,40,15,0,0,6000
1176,0,16391,94,42,9,0,1,5000
1177,3,8427,92,57,18,0,1,9000
1178,8,8549,99,41,10,0,1,5000
1179,3,8559,62,51,15,0,1,10000
1180,2,10841,85,41,10,0,1,12000
1181,6,7990,85,40,13,0,0,5000
1182,10,6155,72,40,15,0,0,7000
1183,1,12344,118,42,15,0,0,1000
1184,4,9219,65,52,18,0,0,4000
1185,8,11944,123,50,16,0,0,12000
1186,2,11383,63,42,15,3,0,3000
1187,1,10365,78,51,20,3,0,2000
1188,2,9356,66,42,12,0,1,9000
1189,2,8981,76,47,15,0,0,4000
1190,3,8001,73,57,18,0,1,3000
1191,7,8213,101,59,19,0,1,8000
1192,2,9563,90,40,14,0,0,8000
1193,4,11189,84,44,14,3,0,5000
1194,2,18630,NA,49,19,0,0,9000
1195,3,8274,92,46,17,0,0,11000
1196,0,11717,64,49,17,0,0,2000
1197,0,11175,97,46,16,0,0,6000
1198,1,11592,78,44,13,0,1,3000
1199,3,9527,96,64,23,0,1,8000
1200,3,10127,115,57,17,0,1,9000
1201,2,9551,75,30,8,0,0,6000
1202,1,10642,77,29,6,3,1,5000
1203,2,8861,123,56,19,0,1,11000
1204,3,10058,73,50,13,0,1,13000
1205,1,13614,90,54,19,0,0,7000
1206,2,9082,109,39,13,3,0,2000
1207,5,9995,97,40,13,3,0,4000
1208,6,11199,100,45,11,0,1,9000
1209,2,14664,106,43,13,0,1,5000
1210,6,NA,72,53,18,3,1,4000
1211,4,9002,101,43,12,0,1,8000
1212,6,7753,NA,42,14,0,0,6000
1213,3,10231,92,45,16,0,0,11000
1214,3,7998,62,31,11,3,0,11000
1215,4,11367,109,38,9,0,1,8000
1216,3,11128,89,57,19,0,1,3000
1217,3,9573,61,46,19,0,0,7000
1218,4,7703,73,34,10,0,0,11000
1219,3,9634,63,58,19,0,1,9000
1220,1,10511,80,42,15,0,0,4000
1221,4,10020,77,33,10,0,0,2000
1222,0,14172,88,60,23,3,1,9000
1223,3,9298,83,57,21,0,0,6000
1224,1,10857,84,54,21,0,0,11000
1225,7,8430,92,30,10,0,0,6000
1226,6,7287,78,46,13,0,NA,9000
1227,3,10185,77,49,15,0,1,8000
1228,6,9603,82,60,21,0,1,14000
1229,1,12955,88,50,18,0,0,7000
1230,1,8909,61,44,13,0,1,5000
1231,4,14144,95,46,15,3,0,5000
1232,0,8866,77,40,9,3,1,10000
1233,7,7562,83,37,11,0,0,6000
1234,8,9083,62,55,19,0,0,9000
1235,3,13205,89,35,8,0,1,11000
1236,5,11211,82,47,17,0,0,10000
1237,1,15595,104,54,17,3,1,7000
1238,2,10691,60,59,21,6,0,11000
1239,1,11641,60,47,19,3,0,2000
1240,5,8262,59,50,18,0,0,10000
1241,2,11007,85,47,12,3,1,7000
1242,1,20445,130,50,15,0,1,7000
1243,3,9465,77,64,22,0,1,12000
1244,4,12419,91,44,14,0,1,5000
1245,5,11920,77,52,17,3,1,7000
1246,0,9800,88,54,17,0,1,11000
1247,0,15563,102,52,17,0,0,6000
1248,1,11615,77,43,15,0,0,3000
1249,6,8837,86,46,14,0,1,9000
1250,3,8585,83,63,23,3,1,9000
1251,8,10579,117,51,15,3,1,11000
1252,4,13755,74,52,17,0,0,8000
1253,4,10168,95,53,17,3,1,9000
1254,2,13233,87,59,19,0,1,11000
1255,1,11460,63,35,13,0,0,6000
1256,5,NA,78,49,15,3,1,12000
1257,5,9023,104,46,17,3,0,5000
1258,4,12407,85,50,18,0,0,8000
1259,0,13965,93,40,9,3,1,10000
1260,10,8789,81,48,15,0,1,6000
1261,2,11875,106,51,15,3,1,7000
1262,3,12261,88,40,13,3,0,8000
1263,3,9974,100,34,12,0,0,6000
1264,0,9818,75,38,10,0,1,3000
1265,12,6448,74,63,24,0,0,6000
1266,6,7937,73,46,14,0,1,11000
1267,5,13746,109,56,18,0,1,10000
1268,2,11777,72,33,8,0,0,8000
1269,2,9205,82,46,13,3,1,10000
1270,9,7493,88,43,16,0,0,4000
1271,7,11736,73,56,16,0,1,5000
1272,1,10530,74,63,24,0,0,1000
1273,4,10344,84,50,17,0,1,8000
1274,4,9823,129,51,17,0,0,11000
1275,6,7957,71,46,16,0,0,5000
1276,9,6400,84,50,17,0,0,9000
1277,0,10365,100,57,23,6,0,6000
1278,4,8736,76,37,13,0,0,4000
1279,6,8859,106,56,21,6,0,10000
1280,2,8894,66,46,11,0,1,9000
1281,4,14121,80,28,7,0,0,7000
1282,2,13720,90,48,17,6,0,9000
1283,8,10068,76,51,20,0,0,11000
1284,1,10596,76,59,18,0,1,5000
1285,1,13836,129,48,15,0,1,9000
1286,9,8567,84,35,11,0,0,9000
1287,2,8284,78,34,12,0,0,4000
1288,0,12669,102,44,15,0,0,1000
1289,1,10377,84,51,15,3,1,7000
1290,2,10693,112,51,20,0,0,6000
1291,3,11267,93,45,12,0,1,4000
1292,1,11718,108,56,19,0,0,6000
1293,7,8608,69,67,23,0,1,8000
1294,1,10238,90,52,16,0,1,4000
1295,5,9647,104,48,13,0,1,12000
1296,0,9880,71,47,9,0,1,6000
1297,5,9351,80,36,5,0,1,11000
1298,8,11203,113,45,15,0,0,10000
1299,8,8144,61,55,20,3,0,12000
1300,9,7741,82,44,16,0,0,4000
1301,11,6844,72,46,15,0,0,11000
1302,4,11871,100,49,14,0,1,8000
1303,6,14065,118,37,10,0,1,9000
1304,4,9954,61,43,13,0,0,11000
1305,5,10218,60,45,16,6,0,11000
1306,1,10529,78,37,13,3,0,5000
1307,2,9250,108,46,17,0,0,8000
1308,4,7935,91,43,14,0,0,6000
1309,0,10109,88,39,10,0,1,3000
1310,2,9030,77,34,9,0,0,6000
1311,6,7166,87,53,17,0,1,13000
1312,5,16260,114,54,19,0,1,12000
1313,4,7986,64,54,19,3,0,8000
1314,4,8863,72,55,15,0,1,10000
1315,1,11494,NA,47,16,0,0,8000
1316,2,10096,90,67,26,0,1,9000
1317,7,7740,74,43,14,0,0,6000
1318,5,10745,90,42,12,0,1,13000
1319,2,10692,76,49,16,0,1,9000
1320,6,8377,68,19,4,0,0,5000
1321,3,10214,78,42,12,0,0,9000
1322,0,11570,65,43,8,0,1,4000
1323,3,16274,109,58,17,0,1,10000
1324,4,10512,99,43,14,0,0,6000
1325,1,12931,NA,72,22,3,1,10000
1326,5,7378,97,48,12,0,NA,12000
1327,10,6041,80,42,16,0,0,12000
1328,3,8283,88,49,14,3,NA,7000
1329,2,9049,69,33,7,3,0,6000
1330,3,12724,117,38,14,0,0,4000
1331,4,13446,112,47,13,0,1,4000
1332,3,11589,105,48,16,0,0,3000
1333,1,12080,79,43,11,3,1,11000
1334,0,11956,85,36,11,0,0,3000
1335,1,13229,90,34,11,3,0,2000
1336,1,15018,NA,45,15,3,0,10000
1337,3,10961,69,46,11,0,1,11000
1338,2,9214,75,44,12,0,1,5000
1339,3,11112,75,57,18,0,1,9000
1340,6,7025,61,57,21,0,1,11000
1341,4,8632,62,44,13,0,1,5000
1342,6,13172,95,53,18,0,0,7000
1343,2,9479,86,49,16,0,1,4000
1344,1,11388,99,43,17,3,0,10000
1345,4,11811,82,42,14,0,0,2000
1346,2,11566,72,41,12,3,1,13000
1347,2,11984,82,34,9,0,0,6000
1348,2,9913,86,52,18,0,0,2000
1349,6,7630,78,43,11,0,1,9000
1350,0,14699,98,67,24,0,1,4000
1351,0,13823,92,46,17,0,0,7000
1352,4,10251,75,45,18,3,0,10000
1353,3,8457,88,39,12,0,0,8000
1354,5,10258,79,50,15,0,1,9000
1355,1,11259,75,54,17,0,1,8000
1356,4,8422,75,57,20,0,0,2000
1357,8,6781,70,48,19,0,0,5000
1358,0,10534,89,40,12,0,1,11000
1359,0,10257,107,57,18,0,1,11000
1360,0,15115,93,52,15,0,1,9000
1361,1,13674,90,58,20,3,1,11000
1362,2,11747,101,61,21,0,1,13000
1363,0,10967,74,61,19,3,1,4000
1364,7,9215,108,49,15,3,1,4000
1365,9,8059,54,40,8,0,1,14000
1366,8,12273,103,30,7,0,0,8000
1367,9,7268,73,43,13,3,0,4000
1368,6,9635,79,47,14,0,NA,6000
1369,4,14193,108,53,17,0,1,11000
1370,2,11663,104,54,12,3,1,11000
1371,7,6028,68,38,16,0,0,5000
1372,3,7959,75,36,14,0,0,5000
1373,3,10961,92,37,13,3,0,2000
1374,3,NA,65,45,11,0,1,4000
1375,3,15744,89,54,16,0,1,5000
1376,0,8870,77,47,16,0,0,7000
1377,5,11001,94,35,14,0,0,2000
1378,1,9784,84,52,15,0,1,12000
1379,0,12162,90,57,20,0,0,5000
1380,13,9570,87,48,14,0,1,6000
1381,5,8840,92,48,17,0,0,6000
1382,6,7212,81,44,15,3,0,8000
1383,3,11648,88,50,14,0,1,4000
1384,1,12114,90,44,15,0,0,6000
1385,2,11203,76,57,19,0,1,12000
1386,4,8674,78,57,23,0,0,7000
1387,3,11904,92,33,9,0,0,3000
1388,6,8338,75,52,13,0,1,13000
1389,3,12033,78,51,15,0,1,12000
1390,5,7298,62,32,8,0,1,9000
1391,4,17499,119,57,22,0,0,6000
1392,4,13744,132,38,12,3,0,3000
1393,1,13539,84,39,11,3,0,1000
1394,5,9684,82,43,15,0,0,4000
1395,5,10676,116,39,15,0,0,4000
1396,3,10195,78,33,10,0,0,9000
1397,2,14865,120,54,19,0,0,5000
1398,3,10018,94,54,17,0,1,6000
1399,2,9345,80,34,9,0,0,6000
1400,10,7913,96,41,13,0,0,3000
1401,4,9483,93,35,8,3,1,4000
1402,5,12688,92,42,13,3,0,2000
1403,5,9444,76,42,11,0,NA,7000
1404,5,6931,70,44,13,0,1,9000
1405,1,9245,118,46,17,0,0,2000
1406,1,10611,85,60,20,6,0,10000
1407,3,NA,75,44,13,0,1,5000
1408,4,10232,78,45,11,0,1,7000
1409,2,16422,114,35,13,0,0,2000
1410,2,11667,104,48,15,0,1,11000
1411,2,8650,70,46,13,0,1,10000
1412,5,8770,100,44,14,0,0,5000
1413,2,11458,72,64,20,0,1,9000
1414,7,6520,83,58,21,0,0,3000
1415,0,10657,86,67,20,0,1,3000
1416,10,12179,101,38,12,0,0,7000
1417,6,16652,83,52,15,0,1,10000
1418,0,9418,73,54,15,0,1,5000
1419,1,11242,84,41,13,0,NA,10000
1420,3,10417,99,43,17,3,0,10000
1421,2,8746,78,48,18,3,0,6000
1422,1,11995,84,43,15,3,0,3000
1423,3,11079,101,55,21,0,0,7000
1424,6,10092,109,46,15,0,1,8000
1425,0,9951,97,34,7,0,0,2000
1426,6,8842,109,54,18,3,1,5000
1427,1,15410,123,55,15,0,1,3000
1428,2,9335,75,62,20,0,1,9000
1429,4,9304,76,54,22,0,0,4000
1430,2,9219,69,38,9,0,1,8000
1431,1,14220,87,47,17,0,0,7000
1432,1,9225,73,50,17,0,0,2000
1433,4,14392,102,46,13,0,1,4000
1434,2,14180,104,56,12,0,1,4000
1435,3,8085,80,62,21,3,1,4000
1436,4,8293,70,47,14,3,1,6000
1437,1,10342,109,56,18,0,0,10000
1438,2,9894,57,50,16,0,1,11000
1439,4,8104,77,57,24,0,0,3000
1440,2,10229,102,30,12,0,0,3000
1441,6,8547,85,54,16,3,1,5000
1442,3,9841,86,31,10,0,0,2000
1443,2,9204,97,58,20,3,1,3000
1444,4,7779,82,36,6,0,1,5000
1445,3,8885,67,28,6,3,0,9000
1446,1,8767,80,56,19,0,1,12000
1447,5,11767,99,46,16,3,0,6000
1448,4,14355,95,49,19,0,0,8000
1449,4,7323,66,58,22,0,0,5000
1450,3,11368,72,47,13,0,1,9000
1451,3,8491,58,48,15,0,1,7000
1452,1,12676,93,45,11,3,1,11000
1453,2,12195,98,46,17,0,0,8000
1454,0,14128,86,50,13,0,1,3000
1455,1,13630,61,45,11,0,1,6000
1456,4,11450,89,47,18,0,0,6000
1457,3,8593,99,31,8,0,0,4000
1458,2,11656,64,55,20,0,0,10000
1459,4,9288,82,44,16,0,0,3000
1460,2,8193,44,47,13,0,1,7000
1461,2,12830,82,52,16,0,1,5000
1462,3,10313,72,58,18,0,1,6000
1463,2,10213,93,36,12,3,0,11000
1464,2,9557,100,55,16,3,1,11000
1465,4,8580,114,34,9,0,0,4000
1466,1,20069,98,53,20,3,0,7000
1467,6,7357,73,44,10,3,1,10000
1468,8,11979,102,58,19,3,1,11000
1469,3,12646,86,50,17,0,1,6000
1470,15,5164,61,74,27,3,1,14000
1471,8,6969,77,55,18,0,1,6000
1472,3,11065,106,40,13,0,0,7000
1473,8,7736,104,45,16,0,0,6000
1474,4,9908,98,49,15,0,0,6000
1475,2,8712,72,40,10,3,1,9000
1476,1,8725,82,38,16,0,0,4000
1477,5,8216,90,46,14,0,1,6000
1478,6,7268,86,47,10,0,1,12000
1479,2,13566,99,48,14,0,1,12000
1480,3,11275,113,50,16,0,1,5000
1481,1,14122,91,56,18,0,1,5000
1482,0,9745,79,42,11,0,1,7000
1483,4,7644,82,47,15,0,0,11000
1484,3,14273,80,33,7,3,1,4000
1485,5,9142,61,49,15,0,1,13000
1486,2,9969,111,36,12,3,0,11000
1487,3,12190,85,45,16,0,0,2000
1488,4,8454,79,40,12,0,0,4000
1489,0,11665,71,68,24,0,1,10000
1490,5,NA,90,58,21,0,1,5000
1491,3,9669,67,36,12,0,0,3000
1492,1,9032,78,48,14,3,1,12000
1493,3,8336,67,37,15,0,0,9000
1494,5,13167,99,43,13,0,0,9000
1495,3,8658,90,33,10,3,0,3000
1496,12,9597,100,54,16,3,1,9000
1497,3,9268,71,42,17,0,0,2000
1498,1,9794,98,48,16,3,0,5000
1499,1,13229,65,41,12,3,1,10000
1500,3,8695,93,57,14,0,1,10000
1501,4,9458,81,52,14,0,1,10000
1502,1,14964,119,42,13,0,1,3000
1503,13,4620,86,46,14,0,1,7000
1504,1,11267,75,49,16,0,0,7000
1505,8,5487,83,52,17,3,NA,8000
1506,8,9144,92,55,12,3,1,7000
1507,2,15368,80,59,20,0,1,4000
1508,5,11241,90,46,12,0,1,11000
1509,4,11202,89,32,10,0,0,11000
1510,2,10485,76,43,13,0,1,12000
1511,4,7550,91,50,16,0,1,4000
1512,9,6063,89,50,14,3,1,14000
1513,1,10582,82,47,17,0,0,5000
1514,9,7701,77,49,13,0,1,10000
1515,0,10378,74,80,27,0,1,7000
1516,1,11203,93,61,20,3,1,9000
1517,3,9196,90,47,14,3,1,5000
1518,0,14799,91,48,10,0,1,12000
1519,2,12121,71,37,13,0,0,3000
1520,1,12482,123,40,15,0,0,3000
1521,1,9684,82,52,18,3,1,8000
1522,3,15881,113,47,15,0,0,5000
1523,3,10429,99,47,14,0,1,11000
1524,10,9175,92,37,9,0,1,6000
1525,4,9256,58,47,15,3,1,13000
1526,3,11213,57,50,11,0,1,6000
1527,3,14068,78,46,17,6,0,5000
1528,2,8970,88,61,21,0,1,10000
1529,1,15208,119,45,16,0,0,10000
1530,9,7789,70,62,22,0,1,9000
1531,4,10883,95,39,13,0,0,6000
1532,1,9823,113,44,14,0,0,2000
1533,4,9709,NA,56,19,3,1,10000
1534,3,8049,NA,42,16,3,0,6000
1535,4,9197,76,60,18,3,1,5000
1536,0,18822,111,51,21,0,0,5000
1537,0,10076,84,40,14,0,0,9000
1538,3,8626,70,42,12,3,1,13000
1539,2,12592,87,50,19,0,0,9000
1540,2,NA,83,48,14,0,1,10000
1541,5,7000,74,61,20,3,1,7000
1542,2,9232,119,49,14,0,1,4000
1543,2,15766,89,64,18,3,1,11000
1544,1,10516,76,49,19,0,0,5000
1545,2,11031,77,29,8,0,0,6000
1546,2,12711,90,40,12,0,0,5000
1547,0,10659,85,34,11,3,0,9000
1548,1,9729,77,36,8,0,1,8000
1549,1,12723,131,27,5,0,1,9000
1550,3,9387,104,33,9,0,0,3000
1551,2,12200,89,38,12,0,0,6000
1552,2,8951,75,47,19,0,0,6000
1553,3,10343,80,33,11,3,0,8000
1554,5,8653,93,41,13,0,0,10000
1555,0,13579,112,28,11,0,0,1000
1556,3,8923,58,47,16,0,0,10000
1557,3,8411,97,47,17,3,1,5000
1558,3,11670,72,37,12,3,0,1000
1559,1,14044,92,48,14,3,1,9000
1560,3,9390,67,60,21,0,1,8000
1561,2,11716,96,63,23,3,1,11000
1562,1,16412,101,46,11,0,1,10000
1563,2,9607,82,51,14,0,1,4000
1564,1,10458,94,42,16,6,0,3000
1565,10,11012,73,58,18,0,1,10000
1566,0,11661,60,44,14,0,0,3000
1567,2,16656,121,32,10,0,0,4000
1568,1,9586,68,49,14,0,1,5000
1569,10,6465,94,49,16,3,0,12000
1570,6,7961,70,52,19,3,0,2000
1571,6,13506,108,40,12,0,0,10000
1572,1,13409,105,45,11,0,1,4000
1573,2,9513,70,52,16,0,1,10000
1574,4,8549,74,40,16,0,0,6000
1575,3,8433,108,57,21,0,0,10000
1576,4,10314,95,48,18,3,0,2000
1577,5,7346,89,46,14,0,0,7000
1578,0,10600,59,49,18,0,0,9000
1579,7,13711,104,54,18,0,0,8000
1580,3,8366,99,37,12,0,0,9000
1581,1,10844,77,63,21,0,1,11000
1582,3,15440,81,51,16,6,1,7000
1583,3,7697,95,58,19,0,1,7000
1584,4,12677,77,53,21,0,0,3000
1585,5,8468,80,34,11,0,0,2000
1586,5,12031,98,34,12,0,0,5000
1587,3,12972,98,54,14,0,1,8000
1588,5,9871,69,44,12,0,1,4000
1589,0,10637,76,22,6,0,0,7000
1590,1,9902,60,51,15,3,1,11000
1591,5,11785,92,58,22,0,0,5000
1592,1,10458,93,49,12,3,1,11000
1593,4,7790,87,35,10,0,0,4000
1594,3,11116,88,54,14,0,1,8000
1595,2,8778,115,50,16,0,0,4000
1596,2,10348,98,36,16,0,0,2000
1597,8,8519,81,68,19,0,1,13000
1598,13,7436,86,32,8,0,0,9000
1599,2,9030,106,53,15,0,1,12000
1600,8,6679,72,48,16,0,0,3000
1601,4,11106,86,41,14,0,0,4000
1602,4,10387,60,52,16,0,1,13000
1603,1,16624,109,34,11,0,0,9000
1604,7,7030,78,33,11,0,0,8000
1605,1,10790,NA,39,12,0,0,2000
1606,1,9800,81,54,16,3,1,5000
1607,1,12485,98,35,9,0,0,7000
1608,2,12905,91,51,18,0,0,4000
1609,3,12382,104,26,8,3,0,7000
1610,4,10363,93,49,19,3,0,7000
1611,3,10992,78,48,16,0,0,4000
1612,2,10193,114,40,11,3,1,9000
1613,3,13546,81,36,9,0,1,10000
1614,1,14925,108,40,14,0,0,5000
1615,7,7192,81,48,18,3,0,7000
1616,2,14275,90,51,16,0,1,10000
1617,2,8438,100,33,9,3,0,9000
1618,8,8345,116,53,19,0,0,8000
1619,9,16115,97,50,17,0,0,7000
1620,4,8767,58,54,18,0,1,9000
1621,3,9457,103,21,4,0,0,4000
1622,2,12239,87,60,22,0,0,3000
1623,2,12438,75,52,14,0,1,12000
1624,3,17497,92,45,14,0,0,7000
1625,3,9526,79,34,11,0,0,2000
1626,3,10069,99,47,16,0,0,5000
1627,2,9592,92,57,16,0,1,10000
1628,1,11116,80,59,18,0,1,6000
1629,2,10187,82,47,17,0,0,1000
1630,4,15007,115,42,15,3,0,4000
1631,1,11734,96,46,15,0,1,7000
1632,6,9176,98,40,11,3,1,8000
1633,2,15696,95,31,12,0,0,3000
1634,3,12143,86,46,14,0,1,12000
1635,2,17837,101,57,19,0,1,8000
1636,2,8333,86,54,17,3,1,3000
1637,3,24864,118,51,17,3,1,4000
1638,0,9855,75,54,17,0,1,11000
1639,2,18279,119,56,18,0,1,4000
1640,5,14660,97,39,14,3,0,7000
1641,1,12977,113,48,13,0,1,4000
1642,2,12086,85,50,18,0,0,3000
1643,5,9485,92,44,15,3,0,11000
1644,2,8533,115,60,22,0,1,6000
1645,5,10992,87,39,11,3,0,4000
1646,9,9494,111,50,14,0,1,7000
1647,1,11253,90,54,19,0,0,10000
1648,1,13217,76,56,21,3,0,10000
1649,3,8185,57,62,24,0,0,7000
1650,1,8788,61,58,18,3,1,3000
1651,1,12390,82,42,11,0,1,5000
1652,1,12119,88,53,19,0,1,3000
1653,6,13617,118,48,15,0,1,11000
1654,1,12287,90,36,12,0,0,10000
1655,5,7734,71,55,14,0,1,10000
1656,4,8337,91,39,14,3,0,2000
1657,5,10158,87,38,10,0,1,5000
1658,5,10924,89,61,19,0,1,9000
1659,1,9893,69,41,12,3,0,8000
1660,4,10116,NA,52,17,3,1,13000
1661,5,9076,101,52,16,0,0,2000
1662,4,11448,99,47,15,3,0,6000
1663,2,10759,90,47,12,0,1,8000
1664,5,11122,93,52,17,0,1,10000
1665,13,4110,78,45,17,0,0,5000
1666,3,9374,95,47,15,0,0,7000
1667,4,9494,70,38,14,3,0,10000
1668,4,11147,86,30,7,3,0,8000
1669,1,11574,91,57,16,0,1,9000
1670,2,12143,85,36,12,3,0,5000
1671,7,7946,66,45,14,0,0,7000
1672,0,11542,98,56,20,3,1,8000
1673,1,9324,73,51,16,0,1,7000
1674,5,7940,77,28,8,0,0,5000
1675,2,13725,106,42,13,3,0,3000
1676,1,11775,87,52,20,0,0,4000
1677,2,9667,93,46,16,3,0,6000
1678,6,9594,99,53,15,0,1,4000
1679,8,7551,90,45,13,0,1,13000
1680,2,9888,108,42,15,0,0,5000
1681,5,10166,82,37,11,3,0,7000
1682,1,10630,79,45,14,0,1,11000
1683,5,8100,67,45,14,0,0,8000
1684,13,4389,81,38,11,0,1,13000
1685,3,10953,88,48,15,0,1,8000
1686,4,11127,92,52,18,0,1,9000
1687,0,12238,121,44,19,0,0,1000
1688,5,9618,107,37,10,0,1,9000
1689,12,10687,99,41,13,0,0,7000
1690,4,11771,89,60,20,3,1,9000
1691,1,10490,83,46,18,0,0,4000
1692,2,9713,83,64,21,0,1,12000
1693,1,15075,134,57,20,3,1,5000
1694,5,9050,78,52,16,0,1,7000
1695,0,13995,91,42,14,0,0,7000
1696,2,13817,75,65,21,0,1,5000
1697,1,11327,83,47,14,0,1,11000
1698,3,9679,79,50,19,0,0,3000
1699,3,13197,78,50,17,0,0,7000
1700,0,16910,109,46,14,3,1,5000
1701,1,16959,85,55,14,0,1,9000
1702,9,8019,103,58,18,3,1,5000
1703,0,11345,78,48,19,6,NA,7000
1704,3,10344,83,42,12,0,0,9000
1705,2,10174,63,48,12,0,1,4000
1706,8,9415,96,41,8,0,1,5000
1707,8,9553,NA,37,9,3,1,13000
1708,4,11112,101,64,23,0,1,11000
1709,1,10743,98,45,16,0,0,9000
1710,13,6386,98,38,15,0,0,4000
1711,3,12946,99,33,7,0,0,9000
1712,5,7922,69,40,11,0,1,11000
1713,5,11447,111,50,15,0,1,13000
1714,0,10896,89,76,28,3,1,4000
1715,0,10711,117,43,15,0,0,9000
1716,3,9512,85,49,14,0,1,6000
1717,2,10906,107,60,21,0,0,10000
1718,4,9042,NA,43,14,0,0,4000
1719,7,8256,94,47,17,0,0,8000
1720,3,9084,91,33,8,0,0,11000
1721,13,7496,101,61,18,0,1,14000
1722,5,8077,94,50,19,0,0,2000
1723,3,10263,65,45,12,0,1,5000
1724,2,12438,83,22,6,0,0,10000
1725,5,7707,67,41,12,0,1,12000
1726,0,10488,82,50,15,0,1,7000
1727,2,13729,112,48,18,0,0,6000
1728,4,8517,80,40,11,0,1,4000
1729,6,9052,78,47,17,0,0,11000
1730,3,8627,77,52,15,3,NA,11000
1731,1,14165,99,38,11,3,0,2000
1732,1,14476,107,47,15,0,1,7000
1733,1,11183,61,26,8,0,0,3000
1734,1,9530,82,39,12,0,0,9000
1735,5,10760,66,38,11,0,0,6000
1736,1,24607,111,33,7,0,1,5000
1737,2,8937,65,45,14,0,1,5000
1738,1,9401,77,42,8,0,1,10000
1739,0,16953,104,55,21,0,0,4000
1740,5,9603,76,51,20,0,0,10000
1741,1,11923,99,42,12,0,0,1000
1742,2,10919,81,29,9,0,0,7000
1743,4,11660,108,46,12,0,1,6000
1744,2,10200,62,45,15,0,0,4000
1745,2,9461,79,41,16,0,0,4000
1746,0,11256,89,34,11,0,0,4000
1747,6,7968,72,46,13,0,1,12000
1748,7,11097,115,43,12,3,1,5000
1749,3,11895,85,51,15,3,1,10000
1750,4,11051,81,56,22,0,0,5000
1751,2,8398,80,45,19,0,0,3000
1752,3,14895,95,60,20,0,1,10000
1753,1,11820,93,51,16,3,1,3000
1754,3,11400,109,64,20,0,1,6000
1755,1,11335,71,64,24,3,1,7000
1756,2,13163,117,33,11,0,0,3000
1757,1,14256,95,45,13,3,1,11000
1758,8,12282,72,63,20,0,1,14000
1759,5,7905,84,57,20,3,0,7000
1760,2,8355,80,42,15,0,NA,1000
1761,7,7924,94,43,13,3,0,7000
1762,2,14028,112,40,13,0,0,5000
1763,7,6934,50,48,15,0,1,4000
1764,1,11204,93,56,17,0,1,7000
1765,2,11139,93,42,14,3,0,6000
1766,4,8075,99,51,18,0,0,10000
1767,5,12261,99,42,11,0,1,7000
1768,2,15680,89,42,12,0,1,12000
1769,4,7525,83,51,17,0,1,6000
1770,7,7718,76,55,17,0,1,8000
1771,6,12427,71,54,23,0,0,2000
1772,6,7730,62,49,15,0,1,12000
